id,user_id
473,40Lav
490,46Cub
482,Owl12
497,Owl81
492,Lav89
454,87Navy
438,61Pig
458,67Pnk
456,49Fox
462,Ant88
475,33Dog
477,70Elk
418,33Grn
422,Pnk16
424,Cat90
426,80Bee
430,76Yak
432,Cod74
436,Teal15
440,89Ape
442,9Ape
444,42Yak
446,90Lime
448,85Blu
451,5Blu
453,Cub37
460,Cyn60
464,38Bat
416,11Teal
420,Elk49
428,Ram43
434,Pig42
450,Bee7
486,Cat28
496,test_prithvi
494,test_biruk
495,test_eleanor
481,Cow96
467,48Yel
469,70Dog
471,17Bug
470,Ram76
466,Pur4
468,49Blk
472,Ape4
479,Ant85
484,28Hen
488,88Tan
498,52Blu
463,Owl67
429,84Tan
485,2Bat
457,30Tan
465,Ram23
403,g1long
483,54Cow
474,Blu64
476,96Ram
478,29Pur
480,63Blk
489,61Cod
487,70Yel
491,Ram52
493,50Fox
455,Hen9
409,cert_long
459,17Grn
417,Bat67
419,Hen23
423,43Cub
425,Yel16
427,56Lime
431,39Mag
435,28Cow
439,63Tan
441,12Yak
443,Hen96
445,55Pur
447,Gray79
404,g2long
452,Cow70
461,70Blu
421,46Teal
401,g2short
402,g3short
405,g3long
406,url_short
407,url_long
408,cert_short
433,40Lime
437,88Navy
449,95Ant